<?xml version="1.0" encoding="utf-8"?>
<openerp>
  <data>
    <record id="act_po_agreement_selected" model="workflow.activity">
      <field name="wkf_id" ref="purchase.purchase_order"/>
      <field name="name">Agreement selected</field>
      <field name="kind">function</field>
      <field name="action">po_tender_agreement_selected()</field>
      <field name="flow_stop">True</field>
    </record>
    <record id="trans_po_agreement_selected" model="workflow.transition">
      <field name="act_from" ref="purchase.act_bid"/>
      <field name="act_to" ref="act_po_agreement_selected"/>
      <field name="signal">select_agreement</field>
    </record>
  </data>
</openerp>
