<?xml version="1.0" encoding="utf-8"?>
<openerp>
    <data>
        <record id="wkf_work_order" model="workflow">
            <field name="name">work.order.basic</field>
            <field name="osv">maintenance.work.order</field>
            <field name="on_create">True</field>
        </record>

        <!-- Activity -->
        <record id="act_draft" model="workflow.activity">
            <field name="wkf_id" ref="wkf_work_order"/>
            <field name="flow_start">True</field>
            <field name="name">draft</field>
        </record>
        
        <record id="act_done" model="workflow.activity">
            <field name="wkf_id" ref="wkf_work_order"/>
            <field name="name">done</field>
            <field name="flow_stop">True</field>
            <field name="kind">function</field>
            <field name="action">work_done()</field>
        </record>
        
        <record id="act_planned" model="workflow.activity">
            <field name="wkf_id" ref="wkf_work_order"/>
            <field name="name">planned</field>
            <field name="flow_stop">True</field>
            <field name="kind">function</field>
            <field name="action">work_planned()</field>
        </record>

        <record id="act_cancel" model="workflow.activity">
            <field name="wkf_id" ref="wkf_work_order"/>
            <field name="name">cancel</field>
            <field name="flow_stop">True</field>
            <field name="kind">stopall</field>
            <field name="action">work_cancel()</field>
        </record>
        
        <!-- Transistion -->

        <record id="trans_draft_planned" model="workflow.transition">
            <field name="act_from" ref="act_draft"/>
            <field name="act_to" ref="act_planned"/>
            <field name="signal">work_planned</field>
        </record>
        
        <record id="trans_planned_done" model="workflow.transition">
            <field name="act_from" ref="act_draft"/>
            <field name="act_to" ref="act_planned"/>
            <field name="signal">work_done</field>
        </record>
        
        <record id="trans_draft_cancel" model="workflow.transition">
            <field name="act_from" ref="act_draft"/>
            <field name="act_to" ref="act_cancel"/>
            <field name="signal">cancel</field>
        </record>
        
        <record id="trans_planned_cancel" model="workflow.transition">
            <field name="act_from" ref="act_planned"/>
            <field name="act_to" ref="act_cancel"/>
            <field name="signal">cancel</field>
        </record>
        
        <record id="trans_cancel_draft" model="workflow.transition">
            <field name="act_from" ref="act_cancel"/>
            <field name="act_to" ref="act_draft"/>
            <field name="signal">draft</field>
        </record>

    </data>
</openerp>
