<?xml version="1.0" encoding="utf-8"?>
<openerp>
    <data noupdate="1">

        <record model="ir.cron" id="account_analytic_cron_for_work">
           <field name="name">Generate Recurring Work from Contracts</field>
           <field name="interval_number">1</field>
           <field name="interval_type">days</field>
           <field name="numbercall">-1</field>
           <field name="model" eval="'account.analytic.account'"/>
           <field name="function" eval="'_cron_recurring_create_work'"/>
           <field name="args" eval="'()'"/>
        </record>


    </data>
</openerp>
