<?xml version="1.0" encoding="utf-8"?>
<openerp>
    <data noupdate="1">

        <!-- Sequences for maintenance.work.order -->
        <record id="seq_type_sale_order" model="ir.sequence.type">
            <field name="name">Maintenance Work Order</field>
            <field name="code">maintenance.work.order</field>
        </record>

        <record id="seq_maintenance_work_order" model="ir.sequence">
            <field name="name">Maintenance Work Order</field>
            <field name="code">maintenance.work.order</field>
            <field name="prefix">P/</field>
            <field name="padding">6</field>
            <field name="company_id" eval="False"/>
        </record>

    </data>
</openerp>
