id,name,model_id:id,group_id:id,perm_read,perm_write,perm_create,perm_unlink
access_logistic_requisition,logistic.requisition,model_logistic_requisition,purchase.group_purchase_user,1,1,1,1
access_logistic_requisition_line_purchase_user,logistic.requisition.line,model_logistic_requisition_line,purchase.group_purchase_user,1,1,1,1
access_logistic_requisition_source_purchase_user,logistic.requisition.source,model_logistic_requisition_source,purchase.group_purchase_user,1,1,1,1
access_logreq_cancel_reason_user,access_logistic_requisition_cancel_reason user,model_logistic_requisition_cancel_reason,purchase.group_purchase_user,1,0,0,0
access_logreq_cancel_reason_manager,access_logistic_requisition_cancel_reason manager,model_logistic_requisition_cancel_reason,purchase.group_purchase_manager,1,1,1,1
