<?xml version="1.0" encoding="utf-8"?>
<openerp>
<data noupdate="1">

    <!-- <record model="ir.module.category" id="module_category_logistic_requisition">
        <field name="name">Logistics Requisition</field>
        <field name="parent_id" ref="base.module_category_purchase_management"/>
        <field name="sequence">9</field>
    </record>

    <record id="group_logistic_requisition_user" model="res.groups">
        <field name="name">User</field>
        <field name="category_id" ref="module_category_logistic_requisition"/>
    </record>

    <record id="group_logistic_requisition_manager" model="res.groups">
        <field name="name">Manager</field>
        <field name="category_id" ref="module_category_logistic_requisition"/>
        <field name="implied_ids" eval="[(4, ref('group_logistic_requisition_user'))]"/>
    </record>
     -->
    <!--
        Not sure we need multi-company rule setup here !
         
        <record model="ir.rule" id="logistic_requisition_comp_rule">
            <field name="name">Logistics Requisition multi-company</field>
            <field name="model_id" ref="requested_qty"/>
            <field name="global" eval="True"/>
            <field name="domain_force">['|',('company_id','=',False),('company_id','child_of',[user.company_id.id])]</field>
        </record>

        <record model="ir.rule" id="logistic_requisition_line_comp_rule">
            <field name="name">Logistics Requisition Line multi-company</field>
            <field name="model_id" ref="requested_qty_line"/>
            <field name="global" eval="True"/>
            <field name="domain_force">['|',('company_id','=',False),('company_id','child_of',[user.company_id.id])]</field>
        </record> -->

</data>
</openerp>
