<?xml version="1.0" encoding="utf-8"?>
<openerp>
    <data>

        <!-- Sequences for sale.order -->
        <record id="sale.seq_type_sale_order" model="ir.sequence.type">
            <field name="name">Logistics Order</field>
            <field name="code">sale.order</field>
        </record>

        <record id="sale.seq_sale_order" model="ir.sequence">
            <field name="name">Logistics Order</field>
            <field name="code">sale.order</field>
            <field name="prefix">LO</field>
            <field name="padding">3</field>
            <field name="company_id" eval="False"/>
        </record>

    </data>
</openerp>